{
  "parent": "builtin/generated",
  "gui_light": "front",
  "display": {
    "ground": {
      "rotation": [ 0, 0, 0 ],
      "translation": [ 0, 2, 0],
      "scale":[ 1, 1, 0.5 ]
    },
    "head": {
      "rotation": [ 0, 180, 0 ],
      "translation": [ 0, 13, 7],
      "scale":[ 1, 1, 1]
    },
    "thirdperson_righthand": {
      "rotation": [ 0, -90, 55 ],
      "translation": [ 0, 13.5, -1.15 ],
      "scale": [ 1.7, 1.7, 0.85 ]
    },
    "firstperson_righthand": {
      "rotation": [ 0, -90, 25 ],
      "translation": [ 2, 10, 3],
      "scale": [ 1.36, 1.36, 0.68 ]
    },
    "fixed": {
      "rotation": [ 0, 180, 0 ],
      "scale": [ 1, 1, 1 ]
    }
  }
}
