{
  "parent": "builtin/generated",
  "gui_light": "front",
  "display": {
    "ground": {
      "rotation": [ 0, 0, 0 ],
      "translation": [ 0, 2, 0],
      "scale":[ 1.5, 1.5, 0.5 ]
    },
    "head": {
      "rotation": [ 0, 180, 0 ],
      "translation": [ 0, 13, 7],
      "scale":[ 1, 1, 1]
    },
    "thirdperson_righthand": {
      "rotation": [ 0, 90, 35 ],
      "translation": [ 0, 21, -2.5 ],
      "scale": [ 2.55, 2.55, 0.85 ]
    },
    "thirdperson_lefthand": {
      "rotation": [ 0, -90, -35 ],
      "translation": [ 0, 21, -2.5 ],
      "scale": [ 2.55, 2.55, 0.85 ]
    },
    "firstperson_righthand": {
      "rotation": [ 0, 90, 65 ],
      "translation": [ 3, 17, 5],
      "scale": [ 2.04, 2.04, 0.68 ]
    },
    "firstperson_lefthand": {
      "rotation": [ 0, -90, -65 ],
      "translation": [ 3, 17, 5],
      "scale": [ 2.04, 2.04, 0.68 ]
    },
    "fixed": {
      "rotation": [ 0, 180, 0 ],
      "scale": [ 1, 1, 1 ]
    }
  }
}
