{"bread":{"ad7mod:item/cream_shiz_roll":2,"ad7mod:item/bread_slice":3,"ad7mod:item/glow_sandwich":4,"ad7mod:item/fire_sandwich":5},"cooked_mutton":{"ad7mod:item/kfc_bucket":2},"firework_star":{"ad7mod:item/marshmallow":2,"ad7mod:item/cooked_marshmallow":3,"ad7mod:item/burnt_marshmallow":4,"ad7mod:item/fried_egg":5,"ad7mod:item/meat_kebab":6,"ad7mod:item/potato_slice":7},"iron_sword":{"ad7mod:item/iron_knife":2},"structure_void":{"polydex:sgui/elements/back":2,"polydex:sgui/elements/next_page":3,"polydex:sgui/elements/previous_page":4,"polydex:sgui/elements/flame":5,"polydex:sgui/elements/xp":6,"polydex:sgui/elements/page":7}}