{"baked_potato":{"ad7mod:item/potato_slice":2},"bread":{"ad7mod:item/cream_shiz_roll":2,"ad7mod:item/bread_slice":3,"ad7mod:item/glow_sandwich":4,"ad7mod:item/chicken_sandwich":5,"ad7mod:item/rotten_sandwich":6,"ad7mod:item/freaky_sandwich":7,"ad7mod:item/sand_sandwich":8,"ad7mod:item/fire_sandwich":9,"ad7mod:item/ultimate_sandwich":10,"ad7mod:item/everything_sandwich":11},"cooked_chicken":{"ad7mod:item/kfc_bucket":2},"cookie":{"ad7mod:item/fried_egg":2},"copper_ingot":{"ad7mod:item/compressed_copper_block":2,"ad7mod:item/double_compressed_copper_block":3,"ad7mod:item/triple_compressed_copper_block":4,"ad7mod:item/quadruple_compressed_copper_block":5},"diamond_sword":{"ad7mod:item/weapons/jerry_sword":2},"flint":{"ad7mod:item/burnt_marshmallow":2},"honey_bottle":{"ad7mod:item/milk_bottle":2,"ad7mod:item/chocolate_milk":3},"iron_sword":{"ad7mod:item/iron_knife":2},"netherite_sword":{"ad7mod:item/weapons/emerald_sword":2,"ad7mod:item/weapons/leaping_sword":3,"ad7mod:item/weapons/hyperion":4},"netherite_upgrade_smithing_template":{"ad7mod:item/custom_smithing_template":2,"ad7mod:item/downgrade_smithing_template":3},"pitcher_pod":{"ad7mod:item/cooked_marshmallow":2},"structure_void":{"polydex:sgui/elements/back":2,"polydex:sgui/elements/next_page":3,"polydex:sgui/elements/previous_page":4,"polydex:sgui/elements/flame":5,"polydex:sgui/elements/xp":6,"polydex:sgui/elements/page":7},"sugar":{"ad7mod:item/marshmallow":2},"wolf_armor":{"ad7mod:item/meat_kebab":2,"ad7mod:item/vegetable_kebab":3}}