{"baked_potato":{"ad7mod:item/food/potato_slice":2},"bread":{"ad7mod:item/food/cream_shiz_roll":2,"ad7mod:item/food/bread_slice":3,"ad7mod:item/food/glow_sandwich":4,"ad7mod:item/food/chicken_sandwich":5,"ad7mod:item/food/rotten_sandwich":6,"ad7mod:item/food/terra_sandwich":7,"ad7mod:item/food/freaky_sandwich":8,"ad7mod:item/food/sand_sandwich":9,"ad7mod:item/food/fire_sandwich":10,"ad7mod:item/food/ultimate_sandwich":11,"ad7mod:item/food/everything_sandwich":12},"chicken":{"ad7mod:item/food/bad_kfc_bucket":2},"cooked_chicken":{"ad7mod:item/food/kfc_bucket":2},"cookie":{"ad7mod:item/food/fried_egg":2},"copper_ingot":{"ad7mod:item/compressed_copper_block":2,"ad7mod:item/double_compressed_copper_block":3,"ad7mod:item/triple_compressed_copper_block":4,"ad7mod:item/quadruple_compressed_copper_block":5},"diamond_sword":{"ad7mod:item/weapons/jerry_sword":2,"ad7mod:item/weapons/long_diamond_sword":3},"flint":{"ad7mod:item/food/burnt_marshmallow":2},"honey_bottle":{"ad7mod:item/food/milk_bottle":2,"ad7mod:item/food/chocolate_milk":3},"iron_sword":{"ad7mod:item/iron_knife":2},"nether_star":{"ad7mod:item/terra_core":2},"netherite_sword":{"ad7mod:item/weapons/emerald_sword":2,"ad7mod:item/weapons/leaping_sword":3,"ad7mod:item/weapons/hyperion":4,"ad7mod:item/weapons/tanos_sword":5,"ad7mod:item/weapons/terra_blade":6,"ad7mod:item/weapons/violet_blade":7,"ad7mod:item/weapons/dragon_slayer_sword":8},"netherite_upgrade_smithing_template":{"ad7mod:item/custom_smithing_template":2,"ad7mod:item/downgrade_smithing_template":3},"pitcher_pod":{"ad7mod:item/food/cooked_marshmallow":2},"structure_void":{"polydex:sgui/elements/back":2,"polydex:sgui/elements/next_page":3,"polydex:sgui/elements/previous_page":4,"polydex:sgui/elements/flame":5,"polydex:sgui/elements/xp":6,"polydex:sgui/elements/page":7},"sugar":{"ad7mod:item/food/marshmallow":2},"wolf_armor":{"ad7mod:item/food/meat_kebab":2,"ad7mod:item/food/vegetable_kebab":3}}