{"baked_potato":{"ad7mod:item/potato_slice":2},"bread":{"ad7mod:item/cream_shiz_roll":2,"ad7mod:item/bread_slice":3,"ad7mod:item/glow_sandwich":4,"ad7mod:item/chicken_sandwich":5,"ad7mod:item/rotten_sandwich":6,"ad7mod:item/sand_sandwich":7,"ad7mod:item/fire_sandwich":8,"ad7mod:item/ultimate_sandwich":9},"cooked_chicken":{"ad7mod:item/kfc_bucket":2},"cookie":{"ad7mod:item/fried_egg":2},"flint":{"ad7mod:item/burnt_marshmallow":2},"honey_bottle":{"ad7mod:item/milk_bottle":2},"iron_sword":{"ad7mod:item/iron_knife":2},"pitcher_pod":{"ad7mod:item/cooked_marshmallow":2},"structure_void":{"polydex:sgui/elements/back":2,"polydex:sgui/elements/next_page":3,"polydex:sgui/elements/previous_page":4,"polydex:sgui/elements/flame":5,"polydex:sgui/elements/xp":6,"polydex:sgui/elements/page":7},"sugar":{"ad7mod:item/marshmallow":2},"wolf_armor":{"ad7mod:item/meat_kebab":2}}