{"parent":"minecraft:item/generated","textures":{"layer0":"minecraft:item/bread"},"overrides":[{"model":"ad7mod:item/food/cream_shiz_roll","predicate":{"custom_model_data":2}},{"model":"ad7mod:item/food/bread_slice","predicate":{"custom_model_data":3}},{"model":"ad7mod:item/food/glow_sandwich","predicate":{"custom_model_data":4}},{"model":"ad7mod:item/food/chicken_sandwich","predicate":{"custom_model_data":5}},{"model":"ad7mod:item/food/rotten_sandwich","predicate":{"custom_model_data":6}},{"model":"ad7mod:item/food/terra_sandwich","predicate":{"custom_model_data":7}},{"model":"ad7mod:item/food/freaky_sandwich","predicate":{"custom_model_data":8}},{"model":"ad7mod:item/food/sand_sandwich","predicate":{"custom_model_data":9}},{"model":"ad7mod:item/food/fire_sandwich","predicate":{"custom_model_data":10}},{"model":"ad7mod:item/food/ultimate_sandwich","predicate":{"custom_model_data":11}},{"model":"ad7mod:item/food/everything_sandwich","predicate":{"custom_model_data":12}}]}