{"parent":"minecraft:item/generated","textures":{"layer0":"minecraft:item/bread"},"overrides":[{"model":"ad7mod:item/cream_shiz_roll","predicate":{"custom_model_data":2}},{"model":"ad7mod:item/bread_slice","predicate":{"custom_model_data":3}},{"model":"ad7mod:item/glow_sandwich","predicate":{"custom_model_data":4}},{"model":"ad7mod:item/chicken_sandwich","predicate":{"custom_model_data":5}},{"model":"ad7mod:item/rotten_sandwich","predicate":{"custom_model_data":6}},{"model":"ad7mod:item/freaky_sandwich","predicate":{"custom_model_data":7}},{"model":"ad7mod:item/sand_sandwich","predicate":{"custom_model_data":8}},{"model":"ad7mod:item/fire_sandwich","predicate":{"custom_model_data":9}},{"model":"ad7mod:item/ultimate_sandwich","predicate":{"custom_model_data":10}},{"model":"ad7mod:item/everything_sandwich","predicate":{"custom_model_data":11}}]}