{"parent":"item/generated","textures":{"layer0":"item/firework_star","layer1":"item/firework_star_overlay"},"overrides":[{"model":"ad7mod:item/marshmallow","predicate":{"custom_model_data":2}},{"model":"ad7mod:item/cooked_marshmallow","predicate":{"custom_model_data":3}},{"model":"ad7mod:item/burnt_marshmallow","predicate":{"custom_model_data":4}},{"model":"ad7mod:item/fried_egg","predicate":{"custom_model_data":5}},{"model":"ad7mod:item/meat_kebab","predicate":{"custom_model_data":6}},{"model":"ad7mod:item/potato_slice","predicate":{"custom_model_data":7}}]}