{"parent":"minecraft:item/handheld","textures":{"layer0":"minecraft:item/netherite_sword"},"overrides":[{"model":"ad7mod:item/weapons/emerald_sword","predicate":{"custom_model_data":2}},{"model":"ad7mod:item/weapons/leaping_sword","predicate":{"custom_model_data":3}},{"model":"ad7mod:item/weapons/hyperion","predicate":{"custom_model_data":4}},{"model":"ad7mod:item/weapons/tanos_sword","predicate":{"custom_model_data":5}},{"model":"ad7mod:item/weapons/terra_blade","predicate":{"custom_model_data":6}},{"model":"ad7mod:item/weapons/violet_blade","predicate":{"custom_model_data":7}},{"model":"ad7mod:item/weapons/dragon_slayer_sword","predicate":{"custom_model_data":8}}]}